{"cameraMode":{"drawMode":0,"name":"Shaded","section":"Shading Mode"},"sceneLighting":true,"audioPlay":false,"sceneViewState":{"m_AlwaysRefresh":false,"showFog":true,"showSkybox":true,"showFlares":true,"showImageEffects":true,"showParticleSystems":true,"showVisualEffectGraphs":true,"m_FxEnabled":true},"in2DMode":false,"pivot":{"x":2.0931053161621095,"y":-3.9334917068481447,"z":7.398400783538818},"rotation":{"x":-0.06493283808231354,"y":0.7751867175102234,"z":-0.08075813949108124,"w":-0.6232093572616577},"size":10.583693504333496,"orthographic":false}