{"cameraMode":{"drawMode":0,"name":"Shaded","section":"Shading Mode"},"sceneLighting":true,"audioPlay":false,"sceneViewState":{"m_AlwaysRefresh":false,"showFog":true,"showSkybox":true,"showFlares":true,"showImageEffects":true,"showParticleSystems":true,"showVisualEffectGraphs":true,"m_FxEnabled":true},"in2DMode":false,"pivot":{"x":4.909135818481445,"y":2.412351131439209,"z":1.3660320043563843},"rotation":{"x":-0.07162567973136902,"y":0.8018588423728943,"z":-0.09815499931573868,"w":-0.5850495100021362},"size":0.09379911422729492,"orthographic":false}