{"cameraMode":{"drawMode":0,"name":"Shaded","section":"Shading Mode"},"sceneLighting":true,"audioPlay":false,"sceneViewState":{"m_AlwaysRefresh":false,"showFog":true,"showSkybox":true,"showFlares":true,"showImageEffects":true,"showParticleSystems":true,"showVisualEffectGraphs":true,"m_FxEnabled":true},"in2DMode":false,"pivot":{"x":15.921475410461426,"y":1.6093436479568482,"z":10.946152687072754},"rotation":{"x":0.0010180894751101733,"y":-0.5174821615219116,"z":-0.0006171308923512697,"w":-0.8556989431381226},"size":5.668021202087402,"orthographic":false}