{"cameraMode":{"drawMode":0,"name":"Shaded","section":"Shading Mode"},"sceneLighting":false,"audioPlay":false,"sceneViewState":{"m_AlwaysRefresh":false,"showFog":true,"showSkybox":false,"showFlares":true,"showImageEffects":true,"showParticleSystems":true,"showVisualEffectGraphs":true,"m_FxEnabled":true},"in2DMode":false,"pivot":{"x":0.5767039060592651,"y":1.0586252212524415,"z":-0.007976114749908448},"rotation":{"x":-0.06758355349302292,"y":-0.8409380316734314,"z":0.10807200521230698,"w":-0.5259304642677307},"size":1.999847173690796,"orthographic":false}